<?xml version="1.0" encoding="UTF-8" ?>
<document>
<!--The data in this file is primarily intended for consumption by Xilinx tools.
The structure and the elements are likely to change over the next few releases.
This means code written to parse this file will need to be revisited each subsequent release.-->
<application name="pn" timeStamp="Tue May 10 14:37:49 2016">
<section name="Project Information" visible="false">
<property name="ProjectID" value="EF02545E53B64927BA8358A9B84843DE" type="project"/>
<property name="ProjectIteration" value="18" type="project"/>
<property name="ProjectFile" value="A:/School/ECE/ECE 414L/Lab 2 Stuff/Lab3 working sfilter test/Lab2fix.xise" type="project"/>
<property name="ProjectCreationTimestamp" value="2016-04-12T00:51:36" type="project"/>
</section>
<section name="Project Statistics" visible="true">
<property name="PROPEXT_xilxSynthMaxFanout_virtex2" value="100000" type="process"/>
<property name="PROP_Board" value="Spartan-3E Starter Board" type="process"/>
<property name="PROP_Enable_Message_Filtering" value="false" type="design"/>
<property name="PROP_FitterReportFormat" value="HTML" type="process"/>
<property name="PROP_ManualCompileOrderImp" value="false" type="design"/>
<property name="PROP_PropSpecInProjFile" value="Store all values" type="design"/>
<property name="PROP_SelectedInstanceHierarchicalPath" value="/FuzzyController_test" type="process"/>
<property name="PROP_Simulator" value="ISim (VHDL/Verilog)" type="design"/>
<property name="PROP_SynthTopFile" value="changed" type="process"/>
<property name="PROP_Top_Level_Module_Type" value="HDL" type="design"/>
<property name="PROP_UseSmartGuide" value="false" type="design"/>
<property name="PROP_UserConstraintEditorPreference" value="Text Editor" type="process"/>
<property name="PROP_intProjectCreationTimestamp" value="2016-04-12T00:51:36" type="design"/>
<property name="PROP_intWbtProjectID" value="EF02545E53B64927BA8358A9B84843DE" type="design"/>
<property name="PROP_intWbtProjectIteration" value="18" type="process"/>
<property name="PROP_intWorkingDirLocWRTProjDir" value="Same" type="design"/>
<property name="PROP_intWorkingDirUsed" value="No" type="design"/>
<property name="PROP_selectedSimRootSourceNode_behav" value="work.FuzzyController_test" type="process"/>
<property name="PROP_xilxBitgStart_IntDone" value="true" type="process"/>
<property name="PROP_AutoTop" value="true" type="design"/>
<property name="PROP_DevFamily" value="Spartan3E" type="design"/>
<property name="PROP_DevDevice" value="xc3s500e" type="design"/>
<property name="PROP_DevFamilyPMName" value="spartan3e" type="design"/>
<property name="PROP_DevPackage" value="fg320" type="design"/>
<property name="PROP_Synthesis_Tool" value="XST (VHDL/Verilog)" type="design"/>
<property name="PROP_DevSpeed" value="-4" type="design"/>
<property name="PROP_PreferredLanguage" value="Verilog" type="design"/>
<property name="FILE_UCF" value="1" type="source"/>
<property name="FILE_VERILOG" value="25" type="source"/>
</section>
</application>
</document>
